transactionHash,blockNumber,from,to,data
0x0bc65a6a166b0aaef37be89ec36855c27b98b76e920fabe5cf5e79ae1c61b61d,5640446,0x8a02604a33da84f492d161c8c9fc5068f368e352,0xa232a12c07681e067b8da83bfc92a55da831ad0d,100.0
0x28228c9afdb481a723221ad8c6107893296711e522ba4699dcb64238477adc11,5640471,0x8a02604a33da84f492d161c8c9fc5068f368e352,0x5a002569188d64118fea835b0ae65a5efc8b58ae,100.0
0x03d1698bb5dd18a53aa544cdafb61f0d1ca858986d48c0ae6709e057b3873752,5640480,0x8a02604a33da84f492d161c8c9fc5068f368e352,0xb38cd8a06e6acd98ac4521886be357779cc4cb62,100.0
0x546c94d6261c9d669afe3bcbf1aa81f0f596a8bddd5cbadf28ba2e10641fb4c6,5640518,0x8a02604a33da84f492d161c8c9fc5068f368e352,0x63235c56f6c2ed53b9210b69b54678d69ca28df1,100.0
0xa41bd4bc9d894d0e18554e4ad6ac389f468825b93ee8815daad965950660621a,5640522,0x8a02604a33da84f492d161c8c9fc5068f368e352,0x45ac66c2899a62796d3b2f1968d9cab30a3c6b9f,100.0
0x61e6b11614ad9116749c300ce9bdf21738c0d82ae0f697607e8eb67f02bc80b8,5640529,0x8a02604a33da84f492d161c8c9fc5068f368e352,0xf48e7984fc589872d7dfea96f23bf160b6b10f,100.0
0x53f8989f3eca62b3b19190fb691de34c7bedc0e65cdac39bb9b1d8bbe751c5ea,5640612,0x5a002569188d64118fea835b0ae65a5efc8b58ae,0x4b01721f0244e7c5b5f63c20942850e447f5a5ee,100.0
0x3d7ce0f92b5423a6a143371f6b491a2113bd91a1e05d2dc19c0623a838400ec8,5640859,0x4b01721f0244e7c5b5f63c20942850e447f5a5ee,0x8d11ee42ee5a393499c992a90af718a41b16207c,17.0
0xcf0ae0f416fe116d74116275b77b7dce1328e732e22acf2cf480303797dc2ec0,5641398,0x31f75ac07d44c2377d365d6a6f35003663262382,0x4ede3d1976c3d001cb485b01710d87244c58e3db,91.97
0xe3ed147596808057f581fdc2905c843b72b9810e4704d1f3c463e7587401c01f,5641511,0x8a02604a33da84f492d161c8c9fc5068f368e352,0x8e987ca0496f338f7c43412384f5fe8f81466bed,100.0
0xa02453cbc6276c21fbef4da837243e180e95a5cfe3ff3893657c8067c0512008,5641541,0x8a02604a33da84f492d161c8c9fc5068f368e352,0xa7237e2e659ba0cfa93241778965263b894d1b97,100.0
0xf75e86de584c63f071d23ad940ad344fda60e6d0d68737ee885e8d895f4519ac,5641550,0x8a02604a33da84f492d161c8c9fc5068f368e352,0x74789a2c44640267bbde499cb68855c09c9ef965,100.0
0xbe8b0941ee4151ea951fd7655e8f300ac16c4897445139a761fd1e9405dcb680,5641568,0x8a02604a33da84f492d161c8c9fc5068f368e352,0x662053331a70cc52e866d2ebd8cce60f38b6377c,100.0
0xeb27aa7a52b6f7c74c13e4a1f5e4bc95794691fe95eb961ade87234bcc0f9626,5641731,0x8e987ca0496f338f7c43412384f5fe8f81466bed,0x4b01721f0244e7c5b5f63c20942850e447f5a5ee,100.0
0x51fc10b59af61d112ef389b2d73644e28cafaf5dded856b62e9dc257f50fdfd3,5641759,0x662053331a70cc52e866d2ebd8cce60f38b6377c,0x4b01721f0244e7c5b5f63c20942850e447f5a5ee,100.0
0x959148ccd097408f776dcf2a0415ce685c0252ab284d967b3ecf385f15d1c6db,5642388,0x2984581ece53a4390d1f568673cf693139c97049,0x3de16a81bcf7fbe13264a6244513a0a5f6160c60,348.68353451
0x4b6b3342d01a12f5b1aca489de10a0c2428bccf9bd88a9dfb8412dd709b64a7a,5642402,0x2984581ece53a4390d1f568673cf693139c97049,0xc951af09a2ac66711c6992a7e3416d05d5f76a6e,757.44060551
0x8df7e6583cfa5b69d51454431b3480971b60174357cc1cfb32e09f0f13f40142,5642539,0x3de16a81bcf7fbe13264a6244513a0a5f6160c60,0x4b01721f0244e7c5b5f63c20942850e447f5a5ee,348.68353451
0x8935aa3ff467115dfd85923c454194230516ed648dcc949cc9669a52fcb737c3,5642550,0xc951af09a2ac66711c6992a7e3416d05d5f76a6e,0x4b01721f0244e7c5b5f63c20942850e447f5a5ee,757.44060551
0x349d2e1c33eacd0c715ced389cdeafe5831d51e528f2f639ee048bb87e650496,5642639,0x2984581ece53a4390d1f568673cf693139c97049,0x3de16a81bcf7fbe13264a6244513a0a5f6160c60,177.45963819
0x08c25a7791ba5173336d2768c44dc89876f567f4d85b9d352b74c02aeb695b01,5642801,0x3de16a81bcf7fbe13264a6244513a0a5f6160c60,0x4b01721f0244e7c5b5f63c20942850e447f5a5ee,177.45963819
0x3fe9f9462661794dcc0281f31a2c4d37799e5ec0102dcb41b80a582d77a43eb0,5643118,0x2984581ece53a4390d1f568673cf693139c97049,0x56844115385b3f5799b93284f6c01fa4672684be,1203.6204705
0x30ecc59fba5c4aa625f9b1d77ffd5923005f43c7af7ae4a34bd7697113a964b5,5643239,0x4b01721f0244e7c5b5f63c20942850e447f5a5ee,0xb3c4af6cf9f10da7ae02d332a320c4c671c7aba,3199.04134375
0xfd05e1ce5243b1089341a6f3a590dbca4f4b0b960cf62956398abcf6ce11b29b,5643261,0x56844115385b3f5799b93284f6c01fa4672684be,0x4b01721f0244e7c5b5f63c20942850e447f5a5ee,1203.6204705
0x00f367ad380df3f6a142f1a6717ead43322a1f8d4892fc66a5567bb7d43a3972,5643586,0x2984581ece53a4390d1f568673cf693139c97049,0xe44bfa7bc15da7326777cf66cbfc252e4bd27394,19020.0
0xcf85d564e7c2093a5dca899138148eda29481c690506aa1302df26925262330d,5644163,0xe1db8614a7609c471cf20d68624348bc573d533f,0xd91d468fc4253870db09b02f694987a7b78dcbcd,1999.0
0xc270ae0a7571f36a9c7435411234d409d1f385d50a0d93f2b65db0a2a00e61ea,5644255,0xd91d468fc4253870db09b02f694987a7b78dcbcd,0x4b01721f0244e7c5b5f63c20942850e447f5a5ee,1999.0
0xe1f0854ec338d49524a76cfa44733f23480cc0c5cedadb6a3f7031651832b312,5644895,0x2984581ece53a4390d1f568673cf693139c97049,0xd0358dad18e36eef67f10019d335cc3c4dfc7af2,5408.09232632
0xa04ee4a2f713c4703aab9f59961e754330b343faf9a83b418f6c95c4a9b70900,5645745,0x45bba6baea9d8b22c26e521ee4a9ac650372a08b,0x69661c04c6c5ef9457de1cc0ca371574b2c48ea4,0.95
0x616709e06ba58044dc01ee6a4a6b278a75af6303ae9ee934e7816da31b76e741,5645891,0xde385bf4b1a2a9b28c24833c9f1a301d7e8283fc,0xa2743e07301b1f3a739d39ab77aba4ec272340ce,4600.0
0x6f123e4ca7d912dc1d76986c960c1db8182679a58b7d2d3794e5c9af42a71d15,5645937,0x45bba6baea9d8b22c26e521ee4a9ac650372a08b,0xcc5b49b6fae2049c54d5b291596f61451dadef35,58.80880669
0x54d37a87782ff750d7ba2fd4e22e8c27aa5394acf0e15f554365570c3da2f662,5646324,0x2984581ece53a4390d1f568673cf693139c97049,0xdfc144e5b6a2445303fe74bd06e26cb3e2bb83b5,5.0
0x7160ce10ebdb0d537441896b71d73bdd472024b8742ce3e2bfba9d2340540277,5646724,0x4b01721f0244e7c5b5f63c20942850e447f5a5ee,0x5facee9a96b2a1858f72b54aaacb348f7e9d10c3,3879.5097022
0xd4c37bf97f732fac3e5897d1a5e01ba2d5cefd6749d4933d17068907f1bf76b7,5646746,0x5a0d80346d133716ad85da2a98a889b09a3b683c,0xe65d8ecf3b6e56651865c6bc78fa6797adcf1d12,199.0
0x7dc0f3fe9fa8fa3639ffc27745eaa1c6f18f93d829569810cb5a0eac0b08e170,5647129,0x45bba6baea9d8b22c26e521ee4a9ac650372a08b,0x69661c04c6c5ef9457de1cc0ca371574b2c48ea4,599.04542316
0xd6bc2317ee5e85c613bce98dd2569dc98d5a54722c69eb93a835bb5f1691fcfc,5647232,0x4b01721f0244e7c5b5f63c20942850e447f5a5ee,0x20e52679207560eb35929e40b698a5a69c4ed267,897.18331179
0x231fb773db3d5aa8fce84bf561c3bb1d16db1eaed0a4892a54e233f0ea994d74,5647288,0x4b01721f0244e7c5b5f63c20942850e447f5a5ee,0x3a1a558777c684e39abe4f8b06930e906c37dba7,14012.99121714
0x3bba349768d6b39b918ae536263ba1332826594da937dff9d35ba2ac2ec0dc12,5647336,0x4b01721f0244e7c5b5f63c20942850e447f5a5ee,0x6cb51f2d4bbc0aa19a5b5dd829e191df9dc90ea7,224.12806916
0x8a6314cdc8a9f2bb17a95d4f71f9b0d9543acae6b72088de250c3206298bfb01,5649568,0x2984581ece53a4390d1f568673cf693139c97049,0x3de16a81bcf7fbe13264a6244513a0a5f6160c60,854.97758898
0xe9a5289278783d29ddbb6bd2470276e8861eb87a73664df6de09bf54850c7219,5649603,0x2984581ece53a4390d1f568673cf693139c97049,0x46edc099a3c3c7cd0b79ef0eacaf2d056fc7ead9,4393.99055408
0x35ffcedb49e7da5474372c557b126f1e6f9ef9488d154b6438c87d3ca5e6d8bf,5649655,0x3de16a81bcf7fbe13264a6244513a0a5f6160c60,0x4b01721f0244e7c5b5f63c20942850e447f5a5ee,854.97758898
0x68b2140ba65abe007ea49901e28ab2cbc519ac0af85325a99d62713368eb4467,5649682,0x46edc099a3c3c7cd0b79ef0eacaf2d056fc7ead9,0x4b01721f0244e7c5b5f63c20942850e447f5a5ee,4393.99055408
0x326ad9dc79cc4892d363802f445ef70c82301bcd6211edca51d668a2339562b7,5650131,0x2984581ece53a4390d1f568673cf693139c97049,0x4af248ca400d54b1469a9683b5c492a311a3e07a,1014.73931624
0xbf83df5850859376dcabc96e0c7f71ea420f54dee60b78004c314d9d760110b7,5650266,0x4af248ca400d54b1469a9683b5c492a311a3e07a,0x4b01721f0244e7c5b5f63c20942850e447f5a5ee,1014.73931624
0x59030bcbcf4da15dda2d7eea3f8aa73ef7e1ccd1b7d2b2dccb0361f0d03f62e0,5650314,0x2984581ece53a4390d1f568673cf693139c97049,0x3de16a81bcf7fbe13264a6244513a0a5f6160c60,369.26400462
0xe50c342fb0383b14a87ca8462db045f7601a82562f80fa61a4750b98f1b2bef3,5650437,0x3de16a81bcf7fbe13264a6244513a0a5f6160c60,0x4b01721f0244e7c5b5f63c20942850e447f5a5ee,369.26400462
0x9b5bb693e07471c36e63890a27785ef2d7d340315038cb7fe922fb77454f2277,5650499,0x4b01721f0244e7c5b5f63c20942850e447f5a5ee,0xb3f17d9f8d269a9894a005b4575de03c121bd50f,331.12411917
0x26a0e0ac3ab48b911e0f1a989c936a5d36ed8df958ef76384f8a5e0d737bbfbf,5650685,0x2984581ece53a4390d1f568673cf693139c97049,0xe44bfa7bc15da7326777cf66cbfc252e4bd27394,16590.0
0x8c1189d6d1327877472383acdafb5cefa0cc227a1af89ff0fd6b0dad29d77ea1,5650693,0x45bba6baea9d8b22c26e521ee4a9ac650372a08b,0xcc5b49b6fae2049c54d5b291596f61451dadef35,22.06135754
0x1c04daa1c2c23c3c25713c7e6df4a9a1f46b80d2ba8e9ff3d5ab831964843d44,5650986,0x4b01721f0244e7c5b5f63c20942850e447f5a5ee,0x17dbcb63dfc5fd2f37c095c76aa27f24630bfa6f,1071.55846924
0x49f1b7629d3d4ba32ca356de179d40ca6f05f8c525594f0d91ee778b32c0eeb9,5651466,0x2e296866572552471f042af6edeed856ec38b871,0xc86b0c5fc6d2d87d30356a347ab8f6db358b2a15,435.0
0x9923222ef1c8a70b10459ed8b12bb4b4b941839182b79762149a4804fafb3e6c,5651525,0x4b01721f0244e7c5b5f63c20942850e447f5a5ee,0xcafda581716a159ba94353fd27ed78913d887b6f,1009.0
0xa368a13f91ee75ccd88c7e54c15b79ba2aa9ad12d5ce5daac7ea545ca8ccd41b,5651574,0x4b01721f0244e7c5b5f63c20942850e447f5a5ee,0xb2a39d1873cdbfcef110526688009c3f1f52f52c,21.0
0xf1ee1a67b1c1e22989deab10a22e10fe4f754d751ebfc055e134b8a29684af8e,5651969,0xc86b0c5fc6d2d87d30356a347ab8f6db358b2a15,0x45bba6baea9d8b22c26e521ee4a9ac650372a08b,435.0
0x2ede0cc16dfce161681bef48f8baadcee04ec4dcb92b6b11c0f041adfda3cf37,5652268,0x5d21570913b5d3c1e44a872f14086070b7ee4ecb,0x18f6f6349216f84d385ed6832e0f9ab25aae391e,20.0
0x222474f631e7be83b008886a98bf5750f56d8d359ab750c2a4b0f884eae33777,5652284,0x5d21570913b5d3c1e44a872f14086070b7ee4ecb,0x18f6f6349216f84d385ed6832e0f9ab25aae391e,2300.0
0x4cfd06f626ad0f79906cda57008ac77b03e25a601e4379af83e3065ad3d64c75,5652655,0x189e2ddbd66e6e5f1c0e9d114092b442e47d9afa,0x643fac6c3f16ebab13bffbdf17762c09571e1f04,8891.8132638305
0x65b36baa5e1687bbeba94b041dec5b29befb36c50251fe45f7b87d344b024e56,5652926,0x1cf1e9cf10a4502ddd12e7ee954ed6c8aa92eb8f,0x1b2bd3ca7edd03c3281baf11dd469815cf000059,2610.0
0x35f4403067264e5ae76c5f3ea0f1cbd2700f4f53e1421226efd6fcd480f3d786,5652967,0x2984581ece53a4390d1f568673cf693139c97049,0x5eb76fe3574f2800a131dfd01207f3336f39ec46,5.0
